run_id,run_type,started_at,finished_at,status,records_seen,records_processed,input_tokens,output_tokens,estimated_cost_inr
crawl-20260331,crawl,2026-03-31T03:17:00+00:00,2026-03-31T03:24:00+00:00,partial,16,14,0,0,0.0
analysis-20260331,analysis,2026-03-31T03:31:00+00:00,2026-03-31T03:40:00+00:00,budget_stopped,14,14,1838,882,0.1088
crawl-20260401,crawl,2026-04-01T03:17:00+00:00,2026-04-01T03:25:00+00:00,success,19,15,0,0,0.0
analysis-20260401,analysis,2026-04-01T03:31:00+00:00,2026-04-01T03:41:00+00:00,success,15,15,2090,973,0.1225
crawl-20260402,crawl,2026-04-02T03:17:00+00:00,2026-04-02T03:26:00+00:00,success,20,16,0,0,0.0
analysis-20260402,analysis,2026-04-02T03:31:00+00:00,2026-04-02T03:42:00+00:00,success,16,16,2221,642,0.1145
crawl-20260403,crawl,2026-04-03T03:17:00+00:00,2026-04-03T03:27:00+00:00,success,20,17,0,0,0.0
analysis-20260403,analysis,2026-04-03T03:31:00+00:00,2026-04-03T03:43:00+00:00,success,17,17,2622,1043,0.1466
crawl-20260404,crawl,2026-04-04T03:17:00+00:00,2026-04-04T03:24:00+00:00,success,21,18,0,0,0.0
analysis-20260404,analysis,2026-04-04T03:31:00+00:00,2026-04-04T03:44:00+00:00,success,18,18,2923,823,0.1498
crawl-20260405,crawl,2026-04-05T03:17:00+00:00,2026-04-05T03:25:00+00:00,success,17,14,0,0,0.0
analysis-20260405,analysis,2026-04-05T03:31:00+00:00,2026-04-05T03:40:00+00:00,success,14,14,2253,790,0.1217
crawl-20260406,crawl,2026-04-06T03:17:00+00:00,2026-04-06T03:26:00+00:00,success,19,15,0,0,0.0
analysis-20260406,analysis,2026-04-06T03:31:00+00:00,2026-04-06T03:41:00+00:00,success,15,15,2115,868,0.1193
crawl-20260407,crawl,2026-04-07T03:17:00+00:00,2026-04-07T03:27:00+00:00,success,18,16,0,0,0.0
analysis-20260407,analysis,2026-04-07T03:31:00+00:00,2026-04-07T03:42:00+00:00,success,16,16,1860,572,0.0973
crawl-20260408,crawl,2026-04-08T03:17:00+00:00,2026-04-08T03:24:00+00:00,success,22,17,0,0,0.0
analysis-20260408,analysis,2026-04-08T03:31:00+00:00,2026-04-08T03:43:00+00:00,success,17,17,2423,865,0.1315
crawl-20260409,crawl,2026-04-09T03:17:00+00:00,2026-04-09T03:25:00+00:00,success,20,18,0,0,0.0
analysis-20260409,analysis,2026-04-09T03:31:00+00:00,2026-04-09T03:44:00+00:00,success,18,18,3028,1129,0.1663
crawl-20260410,crawl,2026-04-10T03:17:00+00:00,2026-04-10T03:26:00+00:00,success,16,14,0,0,0.0
analysis-20260410,analysis,2026-04-10T03:31:00+00:00,2026-04-10T03:40:00+00:00,success,14,14,1560,509,0.0828
crawl-20260411,crawl,2026-04-11T03:17:00+00:00,2026-04-11T03:27:00+00:00,success,18,15,0,0,0.0
analysis-20260411,analysis,2026-04-11T03:31:00+00:00,2026-04-11T03:41:00+00:00,success,15,15,2486,692,0.1271
crawl-20260412,crawl,2026-04-12T03:17:00+00:00,2026-04-12T03:24:00+00:00,success,19,16,0,0,0.0
analysis-20260412,analysis,2026-04-12T03:31:00+00:00,2026-04-12T03:42:00+00:00,success,16,16,1879,949,0.1131
crawl-20260413,crawl,2026-04-13T03:17:00+00:00,2026-04-13T03:25:00+00:00,success,19,17,0,0,0.0
analysis-20260413,analysis,2026-04-13T03:31:00+00:00,2026-04-13T03:43:00+00:00,success,17,17,2590,619,0.1284
crawl-20260414,crawl,2026-04-14T03:17:00+00:00,2026-04-14T03:26:00+00:00,success,22,18,0,0,0.0
analysis-20260414,analysis,2026-04-14T03:31:00+00:00,2026-04-14T03:44:00+00:00,success,18,18,2203,1000,0.1281
crawl-20260415,crawl,2026-04-15T03:17:00+00:00,2026-04-15T03:27:00+00:00,success,17,14,0,0,0.0
analysis-20260415,analysis,2026-04-15T03:31:00+00:00,2026-04-15T03:40:00+00:00,success,14,14,2313,571,0.1154
crawl-20260416,crawl,2026-04-16T03:17:00+00:00,2026-04-16T03:24:00+00:00,success,18,15,0,0,0.0
analysis-20260416,analysis,2026-04-16T03:31:00+00:00,2026-04-16T03:41:00+00:00,success,15,15,2059,846,0.1162
crawl-20260417,crawl,2026-04-17T03:17:00+00:00,2026-04-17T03:25:00+00:00,partial,20,16,0,0,0.0
analysis-20260417,analysis,2026-04-17T03:31:00+00:00,2026-04-17T03:42:00+00:00,success,16,16,1803,1004,0.1123
crawl-20260418,crawl,2026-04-18T03:17:00+00:00,2026-04-18T03:26:00+00:00,success,19,17,0,0,0.0
analysis-20260418,analysis,2026-04-18T03:31:00+00:00,2026-04-18T03:43:00+00:00,success,17,17,2164,870,0.1214
crawl-20260419,crawl,2026-04-19T03:17:00+00:00,2026-04-19T03:27:00+00:00,success,21,18,0,0,0.0
analysis-20260419,analysis,2026-04-19T03:31:00+00:00,2026-04-19T03:44:00+00:00,success,18,18,2941,769,0.1484
crawl-20260420,crawl,2026-04-20T03:17:00+00:00,2026-04-20T03:24:00+00:00,success,16,14,0,0,0.0
analysis-20260420,analysis,2026-04-20T03:31:00+00:00,2026-04-20T03:40:00+00:00,success,14,14,1853,874,0.1091
crawl-20260421,crawl,2026-04-21T03:17:00+00:00,2026-04-21T03:25:00+00:00,success,17,15,0,0,0.0
analysis-20260421,analysis,2026-04-21T03:31:00+00:00,2026-04-21T03:41:00+00:00,success,15,15,2005,681,0.1074
crawl-20260422,crawl,2026-04-22T03:17:00+00:00,2026-04-22T03:26:00+00:00,success,19,16,0,0,0.0
analysis-20260422,analysis,2026-04-22T03:31:00+00:00,2026-04-22T03:42:00+00:00,success,16,16,2364,1038,0.1361
crawl-20260423,crawl,2026-04-23T03:17:00+00:00,2026-04-23T03:27:00+00:00,success,21,17,0,0,0.0
analysis-20260423,analysis,2026-04-23T03:31:00+00:00,2026-04-23T03:43:00+00:00,budget_stopped,17,17,2717,1023,0.1496
crawl-20260424,crawl,2026-04-24T03:17:00+00:00,2026-04-24T03:24:00+00:00,success,21,18,0,0,0.0
analysis-20260424,analysis,2026-04-24T03:31:00+00:00,2026-04-24T03:44:00+00:00,success,18,18,2187,738,0.117
crawl-20260425,crawl,2026-04-25T03:17:00+00:00,2026-04-25T03:25:00+00:00,success,16,14,0,0,0.0
analysis-20260425,analysis,2026-04-25T03:31:00+00:00,2026-04-25T03:40:00+00:00,success,14,14,2303,630,0.1173
crawl-20260426,crawl,2026-04-26T03:17:00+00:00,2026-04-26T03:26:00+00:00,success,18,15,0,0,0.0
analysis-20260426,analysis,2026-04-26T03:31:00+00:00,2026-04-26T03:41:00+00:00,success,15,15,2321,685,0.1202
crawl-20260427,crawl,2026-04-27T03:17:00+00:00,2026-04-27T03:27:00+00:00,success,19,16,0,0,0.0
analysis-20260427,analysis,2026-04-27T03:31:00+00:00,2026-04-27T03:42:00+00:00,success,16,16,2457,1016,0.1389
crawl-20260428,crawl,2026-04-28T03:17:00+00:00,2026-04-28T03:24:00+00:00,success,19,17,0,0,0.0
analysis-20260428,analysis,2026-04-28T03:31:00+00:00,2026-04-28T03:43:00+00:00,success,17,17,2386,809,0.1278
crawl-20260429,crawl,2026-04-29T03:17:00+00:00,2026-04-29T03:25:00+00:00,success,20,18,0,0,0.0
analysis-20260429,analysis,2026-04-29T03:31:00+00:00,2026-04-29T03:44:00+00:00,success,18,18,2771,749,0.1408
crawl-20260430,crawl,2026-04-30T03:17:00+00:00,2026-04-30T03:26:00+00:00,success,16,14,0,0,0.0
analysis-20260430,analysis,2026-04-30T03:31:00+00:00,2026-04-30T03:40:00+00:00,success,14,14,1605,716,0.0928
crawl-20260501,crawl,2026-05-01T03:17:00+00:00,2026-05-01T03:27:00+00:00,success,17,15,0,0,0.0
analysis-20260501,analysis,2026-05-01T03:31:00+00:00,2026-05-01T03:41:00+00:00,success,15,15,1993,633,0.105
crawl-20260502,crawl,2026-05-02T03:17:00+00:00,2026-05-02T03:24:00+00:00,success,18,16,0,0,0.0
analysis-20260502,analysis,2026-05-02T03:31:00+00:00,2026-05-02T03:42:00+00:00,success,16,16,2637,590,0.1291
crawl-20260503,crawl,2026-05-03T03:17:00+00:00,2026-05-03T03:25:00+00:00,success,20,17,0,0,0.0
analysis-20260503,analysis,2026-05-03T03:31:00+00:00,2026-05-03T03:43:00+00:00,success,17,17,2446,612,0.1223
crawl-20260504,crawl,2026-05-04T03:17:00+00:00,2026-05-04T03:26:00+00:00,partial,20,18,0,0,0.0
analysis-20260504,analysis,2026-05-04T03:31:00+00:00,2026-05-04T03:44:00+00:00,success,18,18,2539,724,0.1305
crawl-20260505,crawl,2026-05-05T03:17:00+00:00,2026-05-05T03:27:00+00:00,success,17,14,0,0,0.0
analysis-20260505,analysis,2026-05-05T03:31:00+00:00,2026-05-05T03:40:00+00:00,success,14,14,2104,748,0.1141
crawl-20260506,crawl,2026-05-06T03:17:00+00:00,2026-05-06T03:24:00+00:00,success,17,15,0,0,0.0
analysis-20260506,analysis,2026-05-06T03:31:00+00:00,2026-05-06T03:41:00+00:00,success,15,15,1919,656,0.103
crawl-20260507,crawl,2026-05-07T03:17:00+00:00,2026-05-07T03:25:00+00:00,success,19,16,0,0,0.0
analysis-20260507,analysis,2026-05-07T03:31:00+00:00,2026-05-07T03:42:00+00:00,success,16,16,1982,865,0.1139
crawl-20260508,crawl,2026-05-08T03:17:00+00:00,2026-05-08T03:26:00+00:00,success,19,17,0,0,0.0
analysis-20260508,analysis,2026-05-08T03:31:00+00:00,2026-05-08T03:43:00+00:00,success,17,17,2476,1045,0.1408
crawl-20260509,crawl,2026-05-09T03:17:00+00:00,2026-05-09T03:27:00+00:00,success,21,18,0,0,0.0
analysis-20260509,analysis,2026-05-09T03:31:00+00:00,2026-05-09T03:44:00+00:00,success,18,18,2686,872,0.1423
crawl-20260510,crawl,2026-05-10T03:17:00+00:00,2026-05-10T03:24:00+00:00,success,17,14,0,0,0.0
analysis-20260510,analysis,2026-05-10T03:31:00+00:00,2026-05-10T03:40:00+00:00,success,14,14,1767,658,0.097
crawl-20260511,crawl,2026-05-11T03:17:00+00:00,2026-05-11T03:25:00+00:00,success,18,15,0,0,0.0
analysis-20260511,analysis,2026-05-11T03:31:00+00:00,2026-05-11T03:41:00+00:00,success,15,15,1942,829,0.1108
crawl-20260512,crawl,2026-05-12T03:17:00+00:00,2026-05-12T03:26:00+00:00,success,19,16,0,0,0.0
analysis-20260512,analysis,2026-05-12T03:31:00+00:00,2026-05-12T03:42:00+00:00,success,16,16,1941,881,0.1129
crawl-20260513,crawl,2026-05-13T03:17:00+00:00,2026-05-13T03:27:00+00:00,success,20,17,0,0,0.0
analysis-20260513,analysis,2026-05-13T03:31:00+00:00,2026-05-13T03:43:00+00:00,success,17,17,2757,896,0.1461
crawl-20260514,crawl,2026-05-14T03:17:00+00:00,2026-05-14T03:24:00+00:00,success,21,18,0,0,0.0
analysis-20260514,analysis,2026-05-14T03:31:00+00:00,2026-05-14T03:44:00+00:00,success,18,18,2260,968,0.1291
crawl-20260515,crawl,2026-05-15T03:17:00+00:00,2026-05-15T03:25:00+00:00,success,16,14,0,0,0.0
analysis-20260515,analysis,2026-05-15T03:31:00+00:00,2026-05-15T03:40:00+00:00,success,14,14,2362,788,0.126
crawl-20260516,crawl,2026-05-16T03:17:00+00:00,2026-05-16T03:26:00+00:00,success,18,15,0,0,0.0
analysis-20260516,analysis,2026-05-16T03:31:00+00:00,2026-05-16T03:41:00+00:00,budget_stopped,15,15,1879,935,0.1126
crawl-20260517,crawl,2026-05-17T03:17:00+00:00,2026-05-17T03:27:00+00:00,success,20,16,0,0,0.0
analysis-20260517,analysis,2026-05-17T03:31:00+00:00,2026-05-17T03:42:00+00:00,success,16,16,2454,721,0.127
crawl-20260518,crawl,2026-05-18T03:17:00+00:00,2026-05-18T03:24:00+00:00,success,20,17,0,0,0.0
analysis-20260518,analysis,2026-05-18T03:31:00+00:00,2026-05-18T03:43:00+00:00,success,17,17,1985,785,0.1108
crawl-20260519,crawl,2026-05-19T03:17:00+00:00,2026-05-19T03:25:00+00:00,success,20,18,0,0,0.0
analysis-20260519,analysis,2026-05-19T03:31:00+00:00,2026-05-19T03:44:00+00:00,success,18,18,2361,635,0.1198
crawl-20260520,crawl,2026-05-20T03:17:00+00:00,2026-05-20T03:26:00+00:00,success,16,14,0,0,0.0
analysis-20260520,analysis,2026-05-20T03:31:00+00:00,2026-05-20T03:40:00+00:00,success,14,14,2278,778,0.1222
crawl-20260521,crawl,2026-05-21T03:17:00+00:00,2026-05-21T03:27:00+00:00,partial,18,15,0,0,0.0
analysis-20260521,analysis,2026-05-21T03:31:00+00:00,2026-05-21T03:41:00+00:00,success,15,15,1922,572,0.0998
crawl-20260522,crawl,2026-05-22T03:17:00+00:00,2026-05-22T03:24:00+00:00,success,20,16,0,0,0.0
analysis-20260522,analysis,2026-05-22T03:31:00+00:00,2026-05-22T03:42:00+00:00,success,16,16,1844,1024,0.1147
crawl-20260523,crawl,2026-05-23T03:17:00+00:00,2026-05-23T03:25:00+00:00,success,19,17,0,0,0.0
analysis-20260523,analysis,2026-05-23T03:31:00+00:00,2026-05-23T03:43:00+00:00,success,17,17,2571,845,0.1366
crawl-20260524,crawl,2026-05-24T03:17:00+00:00,2026-05-24T03:26:00+00:00,success,20,18,0,0,0.0
analysis-20260524,analysis,2026-05-24T03:31:00+00:00,2026-05-24T03:44:00+00:00,success,18,18,2860,1165,0.161
crawl-20260525,crawl,2026-05-25T03:17:00+00:00,2026-05-25T03:27:00+00:00,success,16,14,0,0,0.0
analysis-20260525,analysis,2026-05-25T03:31:00+00:00,2026-05-25T03:40:00+00:00,success,14,14,2006,810,0.1126
crawl-20260526,crawl,2026-05-26T03:17:00+00:00,2026-05-26T03:24:00+00:00,success,19,15,0,0,0.0
analysis-20260526,analysis,2026-05-26T03:31:00+00:00,2026-05-26T03:41:00+00:00,success,15,15,1660,788,0.0979
crawl-20260527,crawl,2026-05-27T03:17:00+00:00,2026-05-27T03:25:00+00:00,success,18,16,0,0,0.0
analysis-20260527,analysis,2026-05-27T03:31:00+00:00,2026-05-27T03:42:00+00:00,success,16,16,2623,942,0.1426
crawl-20260528,crawl,2026-05-28T03:17:00+00:00,2026-05-28T03:26:00+00:00,success,21,17,0,0,0.0
analysis-20260528,analysis,2026-05-28T03:31:00+00:00,2026-05-28T03:43:00+00:00,success,17,17,2706,982,0.1475
crawl-20260529,crawl,2026-05-29T03:17:00+00:00,2026-05-29T03:27:00+00:00,success,23,18,0,0,0.0
analysis-20260529,analysis,2026-05-29T03:31:00+00:00,2026-05-29T03:44:00+00:00,success,18,18,2200,852,0.1221
crawl-20260530,crawl,2026-05-30T03:17:00+00:00,2026-05-30T03:24:00+00:00,success,17,14,0,0,0.0
analysis-20260530,analysis,2026-05-30T03:31:00+00:00,2026-05-30T03:40:00+00:00,success,14,14,2007,554,0.1024
crawl-20260531,crawl,2026-05-31T03:17:00+00:00,2026-05-31T03:25:00+00:00,success,18,15,0,0,0.0
analysis-20260531,analysis,2026-05-31T03:31:00+00:00,2026-05-31T03:41:00+00:00,success,15,15,1962,645,0.1043
crawl-20260601,crawl,2026-06-01T03:17:00+00:00,2026-06-01T03:26:00+00:00,success,20,16,0,0,0.0
analysis-20260601,analysis,2026-06-01T03:31:00+00:00,2026-06-01T03:42:00+00:00,success,16,16,2700,646,0.1338
crawl-20260602,crawl,2026-06-02T03:17:00+00:00,2026-06-02T03:27:00+00:00,success,20,17,0,0,0.0
analysis-20260602,analysis,2026-06-02T03:31:00+00:00,2026-06-02T03:43:00+00:00,success,17,17,2001,816,0.1127
crawl-20260603,crawl,2026-06-03T03:17:00+00:00,2026-06-03T03:24:00+00:00,success,20,18,0,0,0.0
analysis-20260603,analysis,2026-06-03T03:31:00+00:00,2026-06-03T03:44:00+00:00,success,18,18,2825,960,0.1514
crawl-20260604,crawl,2026-06-04T03:17:00+00:00,2026-06-04T03:25:00+00:00,success,15,14,0,0,0.0
analysis-20260604,analysis,2026-06-04T03:31:00+00:00,2026-06-04T03:40:00+00:00,success,14,14,2133,747,0.1152
crawl-20260605,crawl,2026-06-05T03:17:00+00:00,2026-06-05T03:26:00+00:00,success,18,15,0,0,0.0
analysis-20260605,analysis,2026-06-05T03:31:00+00:00,2026-06-05T03:41:00+00:00,success,15,15,2169,883,0.1221
crawl-20260606,crawl,2026-06-06T03:17:00+00:00,2026-06-06T03:27:00+00:00,success,19,16,0,0,0.0
analysis-20260606,analysis,2026-06-06T03:31:00+00:00,2026-06-06T03:42:00+00:00,success,16,16,1965,796,0.1104
crawl-20260607,crawl,2026-06-07T03:17:00+00:00,2026-06-07T03:24:00+00:00,partial,21,17,0,0,0.0
analysis-20260607,analysis,2026-06-07T03:31:00+00:00,2026-06-07T03:43:00+00:00,success,17,17,1960,1049,0.1204
crawl-20260608,crawl,2026-06-08T03:17:00+00:00,2026-06-08T03:25:00+00:00,success,21,18,0,0,0.0
analysis-20260608,analysis,2026-06-08T03:31:00+00:00,2026-06-08T03:44:00+00:00,budget_stopped,18,18,2370,630,0.12
crawl-20260609,crawl,2026-06-09T03:17:00+00:00,2026-06-09T03:26:00+00:00,success,17,14,0,0,0.0
analysis-20260609,analysis,2026-06-09T03:31:00+00:00,2026-06-09T03:40:00+00:00,success,14,14,2143,642,0.1114
crawl-20260610,crawl,2026-06-10T03:17:00+00:00,2026-06-10T03:27:00+00:00,success,19,15,0,0,0.0
analysis-20260610,analysis,2026-06-10T03:31:00+00:00,2026-06-10T03:41:00+00:00,success,15,15,1901,764,0.1066
crawl-20260611,crawl,2026-06-11T03:17:00+00:00,2026-06-11T03:24:00+00:00,success,19,16,0,0,0.0
analysis-20260611,analysis,2026-06-11T03:31:00+00:00,2026-06-11T03:42:00+00:00,success,16,16,1793,654,0.0979
crawl-20260612,crawl,2026-06-12T03:17:00+00:00,2026-06-12T03:25:00+00:00,success,22,17,0,0,0.0
analysis-20260612,analysis,2026-06-12T03:31:00+00:00,2026-06-12T03:43:00+00:00,success,17,17,2532,1036,0.1427
crawl-20260613,crawl,2026-06-13T03:17:00+00:00,2026-06-13T03:26:00+00:00,success,21,18,0,0,0.0
analysis-20260613,analysis,2026-06-13T03:31:00+00:00,2026-06-13T03:44:00+00:00,success,18,18,2719,1066,0.1514
crawl-20260614,crawl,2026-06-14T03:17:00+00:00,2026-06-14T03:27:00+00:00,success,16,14,0,0,0.0
analysis-20260614,analysis,2026-06-14T03:31:00+00:00,2026-06-14T03:40:00+00:00,success,14,14,2061,639,0.108
crawl-20260615,crawl,2026-06-15T03:17:00+00:00,2026-06-15T03:24:00+00:00,success,27,23,0,0,0.0
analysis-20260615,analysis,2026-06-15T03:31:00+00:00,2026-06-15T03:41:00+00:00,success,23,23,3200,1231,0.1772
crawl-20260616,crawl,2026-06-16T03:17:00+00:00,2026-06-16T03:25:00+00:00,success,29,24,0,0,0.0
analysis-20260616,analysis,2026-06-16T03:31:00+00:00,2026-06-16T03:42:00+00:00,success,24,24,3024,1476,0.18
crawl-20260617,crawl,2026-06-17T03:17:00+00:00,2026-06-17T03:26:00+00:00,success,28,25,0,0,0.0
analysis-20260617,analysis,2026-06-17T03:31:00+00:00,2026-06-17T03:43:00+00:00,success,25,25,3401,1189,0.1836
crawl-20260618,crawl,2026-06-18T03:17:00+00:00,2026-06-18T03:27:00+00:00,success,31,26,0,0,0.0
analysis-20260618,analysis,2026-06-18T03:31:00+00:00,2026-06-18T03:44:00+00:00,success,26,26,3329,1610,0.1976
crawl-20260619,crawl,2026-06-19T03:17:00+00:00,2026-06-19T03:24:00+00:00,success,27,22,0,0,0.0
analysis-20260619,analysis,2026-06-19T03:31:00+00:00,2026-06-19T03:40:00+00:00,success,22,22,3272,1194,0.1786
crawl-20260620,crawl,2026-06-20T03:17:00+00:00,2026-06-20T03:25:00+00:00,success,29,23,0,0,0.0
analysis-20260620,analysis,2026-06-20T03:31:00+00:00,2026-06-20T03:41:00+00:00,success,23,23,2678,1422,0.164
crawl-20260621,crawl,2026-06-21T03:17:00+00:00,2026-06-21T03:26:00+00:00,success,27,24,0,0,0.0
analysis-20260621,analysis,2026-06-21T03:31:00+00:00,2026-06-21T03:42:00+00:00,success,24,24,2733,1473,0.1682
crawl-20260622,crawl,2026-06-22T03:17:00+00:00,2026-06-22T03:27:00+00:00,success,32,25,0,0,0.0
analysis-20260622,analysis,2026-06-22T03:31:00+00:00,2026-06-22T03:43:00+00:00,success,25,25,3917,1170,0.2035
crawl-20260623,crawl,2026-06-23T03:17:00+00:00,2026-06-23T03:24:00+00:00,success,31,26,0,0,0.0
analysis-20260623,analysis,2026-06-23T03:31:00+00:00,2026-06-23T03:44:00+00:00,success,26,26,4170,1571,0.2296
crawl-20260624,crawl,2026-06-24T03:17:00+00:00,2026-06-24T03:25:00+00:00,partial,28,22,0,0,0.0
analysis-20260624,analysis,2026-06-24T03:31:00+00:00,2026-06-24T03:40:00+00:00,success,22,22,3059,1226,0.1714
crawl-20260625,crawl,2026-06-25T03:17:00+00:00,2026-06-25T03:26:00+00:00,success,27,23,0,0,0.0
analysis-20260625,analysis,2026-06-25T03:31:00+00:00,2026-06-25T03:41:00+00:00,success,23,23,3850,1329,0.2072
crawl-20260626,crawl,2026-06-26T03:17:00+00:00,2026-06-26T03:27:00+00:00,success,28,24,0,0,0.0
analysis-20260626,analysis,2026-06-26T03:31:00+00:00,2026-06-26T03:42:00+00:00,success,24,24,4070,961,0.2012
crawl-20260627,crawl,2026-06-27T03:17:00+00:00,2026-06-27T03:24:00+00:00,success,29,25,0,0,0.0
analysis-20260627,analysis,2026-06-27T03:31:00+00:00,2026-06-27T03:43:00+00:00,success,25,25,3158,1431,0.1836
crawl-20260628,crawl,2026-06-28T03:17:00+00:00,2026-06-28T03:25:00+00:00,success,32,26,0,0,0.0
analysis-20260628,analysis,2026-06-28T03:31:00+00:00,2026-06-28T03:44:00+00:00,success,26,26,3626,1499,0.205
